{"Version":1,"ManifestType":"Publish","Endpoints":[{"Route":"image/404-NotFound.0v9zy2cjxm.png","AssetFile":"image/404-NotFound.png","Selectors":[],"ResponseHeaders":[{"Name":"Accept-Ranges","Value":"bytes"},{"Name":"Cache-Control","Value":"max-age=31536000, immutable"},{"Name":"Content-Length","Value":"23363"},{"Name":"Content-Type","Value":"image/png"},{"Name":"ETag","Value":"\"VLm9cumonqvuzBla+Kib2oivnJ3QRgv0nL27f7u9tWY=\""},{"Name":"Last-Modified","Value":"Sat, 21 Jun 2025 06:49:53 GMT"}],"EndpointProperties":[{"Name":"fingerprint","Value":"0v9zy2cjxm"},{"Name":"integrity","Value":"sha256-VLm9cumonqvuzBla+Kib2oivnJ3QRgv0nL27f7u9tWY="},{"Name":"label","Value":"image/404-NotFound.png"}]},{"Route":"image/404-NotFound.png","AssetFile":"image/404-NotFound.png","Selectors":[],"ResponseHeaders":[{"Name":"Accept-Ranges","Value":"bytes"},{"Name":"Cache-Control","Value":"no-cache"},{"Name":"Content-Length","Value":"23363"},{"Name":"Content-Type","Value":"image/png"},{"Name":"ETag","Value":"\"VLm9cumonqvuzBla+Kib2oivnJ3QRgv0nL27f7u9tWY=\""},{"Name":"Last-Modified","Value":"Sat, 21 Jun 2025 06:49:53 GMT"}],"EndpointProperties":[{"Name":"integrity","Value":"sha256-VLm9cumonqvuzBla+Kib2oivnJ3QRgv0nL27f7u9tWY="}]},{"Route":"javascript/disable-devtool.js","AssetFile":"javascript/disable-devtool.js","Selectors":[],"ResponseHeaders":[{"Name":"Accept-Ranges","Value":"bytes"},{"Name":"Cache-Control","Value":"no-cache"},{"Name":"Content-Length","Value":"17266"},{"Name":"Content-Type","Value":"text/javascript"},{"Name":"ETag","Value":"\"iiP5KiWSLRNDfWfyW6Imm2QIC17AMPXLqYLgJhq7/gQ=\""},{"Name":"Last-Modified","Value":"Fri, 14 Feb 2025 12:06:58 GMT"}],"EndpointProperties":[{"Name":"integrity","Value":"sha256-iiP5KiWSLRNDfWfyW6Imm2QIC17AMPXLqYLgJhq7/gQ="}]},{"Route":"javascript/disable-devtool.y6poyzg7v2.js","AssetFile":"javascript/disable-devtool.js","Selectors":[],"ResponseHeaders":[{"Name":"Accept-Ranges","Value":"bytes"},{"Name":"Cache-Control","Value":"max-age=31536000, immutable"},{"Name":"Content-Length","Value":"17266"},{"Name":"Content-Type","Value":"text/javascript"},{"Name":"ETag","Value":"\"iiP5KiWSLRNDfWfyW6Imm2QIC17AMPXLqYLgJhq7/gQ=\""},{"Name":"Last-Modified","Value":"Fri, 14 Feb 2025 12:06:58 GMT"}],"EndpointProperties":[{"Name":"fingerprint","Value":"y6poyzg7v2"},{"Name":"integrity","Value":"sha256-iiP5KiWSLRNDfWfyW6Imm2QIC17AMPXLqYLgJhq7/gQ="},{"Name":"label","Value":"javascript/disable-devtool.js"}]}]}